\c project 
/*
insert into Company (comp_id, comp_name) values (17, 'Dabtype');
insert into Company (comp_id, comp_name) values (18, 'Quimba');
insert into Company (comp_id, comp_name) values (14, 'Youfeed');
insert into Company (comp_id, comp_name) values (19, 'Mita');
insert into Company (comp_id, comp_name) values (22, 'Voolith');
insert into Company (comp_id, comp_name) values (3, 'Thoughtstorm');
insert into Company (comp_id, comp_name) values (57, 'Quinu');
insert into Company (comp_id, comp_name) values (75, 'Yabox');
insert into Company (comp_id, comp_name) values (48, 'Brainlounge');
insert into Company (comp_id, comp_name) values (62, 'Divavu');
insert into Company (comp_id, comp_name) values (72, 'Yadel');
insert into Company (comp_id, comp_name) values (83, 'Fivechat');
insert into Company (comp_id, comp_name) values (25, 'Trilith');
insert into Company (comp_id, comp_name) values (53, 'Pixonyx');
insert into Company (comp_id, comp_name) values (40, 'Rooxo');
insert into Company (comp_id, comp_name) values (13, 'Aibox');
insert into Company (comp_id, comp_name) values (35, 'Bubbletube');
insert into Company (comp_id, comp_name) values (64, 'Dabshots');
insert into Company (comp_id, comp_name) values (76, 'Wordify');
insert into Company (comp_id, comp_name) values (10, 'Jabbertype');

	
insert into CompanyLocations (comp_id, city, pincode, area, street, building) values (3, 'Tamuning-Tumon', 560010, 'Thierer', 'Court', 'platinum');
insert into CompanyLocations (comp_id, city, pincode, area, street, building) values (10, 'Belozërsk', 560011, 'Morning', 'Crossing', 'adarsh');
insert into CompanyLocations (comp_id, city, pincode, area, street, building) values (13, 'Baykonyr', 560012, 'Lakeland', 'Alley', 'gold');
insert into CompanyLocations (comp_id, city, pincode, area, street, building) values (14, 'Argenteuil', 560013, 'Southridge', 'Crossing', 'brigade');
insert into CompanyLocations (comp_id, city, pincode, area, street, building) values (17, 'Georgiyevskaya', 560014, 'Washington', 'Circle', 'prestige');
insert into CompanyLocations (comp_id, city, pincode, area, street, building) values (18, 'Gimcheon', 560015, 'Northfield', 'Parkway', 'brigade');
insert into CompanyLocations (comp_id, city, pincode, area, street, building) values (19, 'La Loma', 560016, 'Delladonna', 'Court', 'sapphire');
insert into CompanyLocations (comp_id, city, pincode, area, street, building) values (22, 'Nakuru', 560017, 'Fordem', 'Road', 'sapphire');
insert into CompanyLocations (comp_id, city, pincode, area, street, building) values (25, 'Chongmin', 560018, 'Sunfield', 'Place', 'platinum');
insert into CompanyLocations (comp_id, city, pincode, area, street, building) values (35, 'Novoorsk', 560029, 'Granby', 'Avenue', 'salarpuria');
insert into CompanyLocations (comp_id, city, pincode, area, street, building) values (40, 'Huxi', 560030, 'Buell', 'Point', 'prestige');
insert into CompanyLocations (comp_id, city, pincode, area, street, building) values (48, 'Troyan', 560033, 'Rowland', 'Crossing', 'salarpuria');
insert into CompanyLocations (comp_id, city, pincode, area, street, building) values (53, 'Kostomuksha', 560037, '5th', 'Parkway', 'platinum');
insert into CompanyLocations (comp_id, city, pincode, area, street, building) values (57, 'Sydney', 560044, 'Darwin', 'Trail', 'sapphire');
insert into CompanyLocations (comp_id, city, pincode, area, street, building) values (62, 'Urrao', 560048, 'Prentice', 'Lane', 'mantri');
insert into CompanyLocations (comp_id, city, pincode, area, street, building) values (64, 'Miaoshou', 560055, 'Portage', 'Hill', 'gokulam');
insert into CompanyLocations (comp_id, city, pincode, area, street, building) values (72, 'Hongqiao', 560066, 'Butternut', 'Center', 'sapphire');
insert into CompanyLocations (comp_id, city, pincode, area, street, building) values (75, 'Caucete', 560075, 'Gina', 'Street', 'diamond');
insert into CompanyLocations (comp_id, city, pincode, area, street, building) values (76, 'Luoshan', 560086, 'Cody', 'Plaza', 'adarsh');
insert into CompanyLocations (comp_id, city, pincode, area, street, building) values (83, 'Xiadu', 560099, 'Meadow Ridge', 'Crossing', 'diamond');

insert into CompanyContacts (comp_id, comp_phone) values (3, '46273604110');
insert into CompanyContacts (comp_id, comp_phone) values (10, '6839129519');
insert into CompanyContacts (comp_id, comp_phone) values (13, '5247175255');
insert into CompanyContacts (comp_id, comp_phone) values (14, '5085502582');
insert into CompanyContacts (comp_id, comp_phone) values (17, '1477204555');
insert into CompanyContacts (comp_id, comp_phone) values (18, '4270042052');
insert into CompanyContacts (comp_id, comp_phone) values (19, '70716770010');
insert into CompanyContacts (comp_id, comp_phone) values (22, '18028414410');
insert into CompanyContacts (comp_id, comp_phone) values (25, '5423159342');
insert into CompanyContacts (comp_id, comp_phone) values (35, '9389612489');
insert into CompanyContacts (comp_id, comp_phone) values (40, '9859549710');
insert into CompanyContacts (comp_id, comp_phone) values (48, '0978243935');
insert into CompanyContacts (comp_id, comp_phone) values (53, '0745548784');
insert into CompanyContacts (comp_id, comp_phone) values (57, '7284827262');
insert into CompanyContacts (comp_id, comp_phone) values (62, '6349871049');
insert into CompanyContacts (comp_id, comp_phone) values (64, '1297988922');
insert into CompanyContacts (comp_id, comp_phone) values (72, '9840960792');
insert into CompanyContacts (comp_id, comp_phone) values (75, '9532990062');
insert into CompanyContacts (comp_id, comp_phone) values (76, '3235462082');
insert into CompanyContacts (comp_id, comp_phone) values (83, '6100586541');


insert into Customers (cust_id, cust_phone, cust_fname, cust_lname, comp_id) values (1, '3895708992', 'Lisa', 'Ortiz', 3);
insert into Customers (cust_id, cust_phone, cust_fname, cust_lname, comp_id) values (2, '9905625224', 'Nancy', 'Matthews', 10);
insert into Customers (cust_id, cust_phone, cust_fname, cust_lname, comp_id) values (3, '1990051774', 'Evelyn', 'Olson', 13);
insert into Customers (cust_id, cust_phone, cust_fname, cust_lname, comp_id) values (4, '4222907715', 'Jennifer', 'Nelson', 14);
insert into Customers (cust_id, cust_phone, cust_fname, cust_lname, comp_id) values (5, '6350235061', 'Jesse', 'Flores', 17);
insert into Customers (cust_id, cust_phone, cust_fname, cust_lname, comp_id) values (6, '6686137081', 'Ann', 'Sullivan', 18);
insert into Customers (cust_id, cust_phone, cust_fname, cust_lname, comp_id) values (7, '0316212466', 'Justin', 'Arnold', 19);
insert into Customers (cust_id, cust_phone, cust_fname, cust_lname, comp_id) values (8, '0368751791', 'Rebecca', 'Chapman', 22);
insert into Customers (cust_id, cust_phone, cust_fname, cust_lname, comp_id) values (9, '9407467503', 'Bruce', 'Brown', 25);
insert into Customers (cust_id, cust_phone, cust_fname, cust_lname, comp_id) values (10, '4636497902', 'Gloria', 'Morris', 35);
insert into Customers (cust_id, cust_phone, cust_fname, cust_lname, comp_id) values (11, '9807443490', 'Douglas', 'Romero', 40);
insert into Customers (cust_id, cust_phone, cust_fname, cust_lname, comp_id) values (12, '2783387719', 'Teresa', 'Long', 48);
insert into Customers (cust_id, cust_phone, cust_fname, cust_lname, comp_id) values (13, '1277556431', 'Eugene', 'Bowman', 53);
insert into Customers (cust_id, cust_phone, cust_fname, cust_lname, comp_id) values (14, '4800103932', 'Benjamin', 'Turner', 57);
insert into Customers (cust_id, cust_phone, cust_fname, cust_lname, comp_id) values (15, '9315928563', 'Donna', 'Harvey', 62);
insert into Customers (cust_id, cust_phone, cust_fname, cust_lname, comp_id) values (16, '86233078110', 'Terry', 'Nichols', 64);
insert into Customers (cust_id, cust_phone, cust_fname, cust_lname, comp_id) values (17, '8510322325', 'Dorothy', 'Shaw', 72);
insert into Customers (cust_id, cust_phone, cust_fname, cust_lname, comp_id) values (18, '7919048397', 'Ruby', 'Cruz', 75);
insert into Customers (cust_id, cust_phone, cust_fname, cust_lname, comp_id) values (19, '3371322106', 'Howard', 'Lopez', 76);
insert into Customers (cust_id, cust_phone, cust_fname, cust_lname, comp_id) values (20, '4484523256', 'Jesse', 'Spencer', 83);



insert into Products (prod_id, prod_name, prod_type, brand, max_quantity, min_quantity, unit, discount, mrp, cost_price, quantity) values ('7', 'Dairy Milk', 'Chocolate', 'Cadbury', 71, 27, 15, 27.6, 176.14, 66, 48);
insert into Products (prod_id, prod_name, prod_type, brand, max_quantity, min_quantity, unit, discount, mrp, cost_price, quantity) values ('2', 'Face Scrub', 'Beauty Care', 'Himalaya', 72, 31, 16, 3.84, 239.24, 169, 42);
insert into Products (prod_id, prod_name, prod_type, brand, max_quantity, min_quantity, unit, discount, mrp, cost_price, quantity) values ('73357', 'Silky Shampoo', 'Beauty Care', 'Tresemme', 84, 33, 7, 21.35, 131.44, 45, 58);
insert into Products (prod_id, prod_name, prod_type, brand, max_quantity, min_quantity, unit, discount, mrp, cost_price, quantity) values ('37408', 'Pears Soap', 'Beauty Care', 'Pears', 97, 15, 7, 24.27, 149.04, 98, 90);
insert into Products (prod_id, prod_name, prod_type, brand, max_quantity, min_quantity, unit, discount, mrp, cost_price, quantity) values ('78', 'Nautica Blue', 'Beauty Care', 'Nautica Dettol', 75, 39, 10, 9.33, 87.5, 67, 48);
insert into Products (prod_id, prod_name, prod_type, brand, max_quantity, min_quantity, unit, discount, mrp, cost_price, quantity) values ('21287', 'Dettol handwash', 'Personal Care', 'Colgate', 77, 42, 1, 7.25, 192.44, 114, 53);
insert into Products (prod_id, prod_name, prod_type, brand, max_quantity, min_quantity, unit, discount, mrp, cost_price, quantity) values ('272', 'Toothpaste', 'Personal Care', 'Mamy-poko', 93, 34, 20, 12.14, 120.35, 82, 41);
insert into Products (prod_id, prod_name, prod_type, brand, max_quantity, min_quantity, unit, discount, mrp, cost_price, quantity) values ('2682', 'Diapers', 'Personal Care', 'Listerine', 84, 26, 1, 19.19, 177.69, 166, 100);
insert into Products (prod_id, prod_name, prod_type, brand, max_quantity, min_quantity, unit, discount, mrp, cost_price, quantity) values ('9810', 'MouthWash', 'Personal Care', 'Nivea Parachute', 58, 41, 16, 5.51, 200.16, 136, 10);
insert into Products (prod_id, prod_name, prod_type, brand, max_quantity, min_quantity, unit, discount, mrp, cost_price, quantity) values ('23', 'Nivea smooth', 'Personal Care', 'Oral-B', 69, 10, 16, 3.06, 118.78, 108, 97);
insert into Products (prod_id, prod_name, prod_type, brand, max_quantity, min_quantity, unit, discount, mrp, cost_price, quantity) values ('37863', 'Hair Oil', 'Personal Care', 'Loreal Paris', 72, 49, 8, 28.77, 234.61, 225, 59);
insert into Products (prod_id, prod_name, prod_type, brand, max_quantity, min_quantity, unit, discount, mrp, cost_price, quantity) values ('16988', 'Toothbrush', 'Personal Care', 'Aquicia', 71, 41, 9, 29.97, 61.16, 47, 59);
insert into Products (prod_id, prod_name, prod_type, brand, max_quantity, min_quantity, unit, discount, mrp, cost_price, quantity) values ('158', 'Nail Color', 'Beauty Care', 'Johnsons Dettol', 61, 30, 16, 2.01, 145.89, 101, 58);
insert into Products (prod_id, prod_name, prod_type, brand, max_quantity, min_quantity, unit, discount, mrp, cost_price, quantity) values ('8', 'Face Pack', 'Beauty Care', 'Gilette', 82, 22, 2, 11.6, 94.29, 83, 19);
insert into Products (prod_id, prod_name, prod_type, brand, max_quantity, min_quantity, unit, discount, mrp, cost_price, quantity) values ('9350', 'Johnson Baby', 'Personal Care', 'Gilette', 85, 17, 20, 16.78, 194.47, 137, 67);
insert into Products (prod_id, prod_name, prod_type, brand, max_quantity, min_quantity, unit, discount, mrp, cost_price, quantity) values ('5060', 'Antiseptic', 'Personal Care', 'Johnsons', 77, 49, 10, 25.2, 189.83, 49, 71);
insert into Products (prod_id, prod_name, prod_type, brand, max_quantity, min_quantity, unit, discount, mrp, cost_price, quantity) values ('6', 'Fusion Razer', 'Personal Care', 'Nivea', 91, 29, 18, 16.0, 114.47, 98, 15);
insert into Products (prod_id, prod_name, prod_type, brand, max_quantity, min_quantity, unit, discount, mrp, cost_price, quantity) values ('1034', 'Shaving Foam', 'Personal Care', 'Cadbury', 92, 32, 13, 25.18, 132.78, 116, 84);
insert into Products (prod_id, prod_name, prod_type, brand, max_quantity, min_quantity, unit, discount, mrp, cost_price, quantity) values ('73468', 'Baby Powder', 'Personal Care', 'Himalaya', 75, 43, 18, 14.37, 81.64, 54, 22);
insert into Products (prod_id, prod_name, prod_type, brand, max_quantity, min_quantity, unit, discount, mrp, cost_price, quantity) values ('1134', 'Mouisturizer', 'Personal Care', 'Tresemme', 75, 37, 4, 12.83, 83.03, 75, 8);

	

insert into Suppliers (sup_id, phone, sup_fname, sup_lname, comp_id) values (93, '4686608848', 'Frances', 'Turner', 3);
insert into Suppliers (sup_id, phone, sup_fname, sup_lname, comp_id) values (19, '1694866416', 'Andrea', 'Gilbert', 10);
insert into Suppliers (sup_id, phone, sup_fname, sup_lname, comp_id) values (48, '07341775010', 'Ruth', 'Simpson', 13);
insert into Suppliers (sup_id, phone, sup_fname, sup_lname, comp_id) values (42, '0765613735', 'Raymond', 'Sanchez', 14);
insert into Suppliers (sup_id, phone, sup_fname, sup_lname, comp_id) values (72, '3392231614', 'Diana', 'Knight', 17);
insert into Suppliers (sup_id, phone, sup_fname, sup_lname, comp_id) values (39, '3395629236', 'Eugene', 'Lane', 18);
insert into Suppliers (sup_id, phone, sup_fname, sup_lname, comp_id) values (38, '8138826290', 'Bobby', 'Porter', 19);
insert into Suppliers (sup_id, phone, sup_fname, sup_lname, comp_id) values (45, '5782108509', 'Carlos', 'Mills', 22);
insert into Suppliers (sup_id, phone, sup_fname, sup_lname, comp_id) values (17, '93290672810', 'Judy', 'Edwards', 25);
insert into Suppliers (sup_id, phone, sup_fname, sup_lname, comp_id) values (46, '6652519763', 'Lawrence', 'Barnes', 35);
insert into Suppliers (sup_id, phone, sup_fname, sup_lname, comp_id) values (14, '3379161381', 'Clarence', 'Turner', 40);
insert into Suppliers (sup_id, phone, sup_fname, sup_lname, comp_id) values (95, '2048991289', 'Ann', 'Bryant', 48);
insert into Suppliers (sup_id, phone, sup_fname, sup_lname, comp_id) values (88, '1157214290', 'Irene', 'Peters', 53);
insert into Suppliers (sup_id, phone, sup_fname, sup_lname, comp_id) values (16, '8302436887', 'Todd', 'Hart', 57);
insert into Suppliers (sup_id, phone, sup_fname, sup_lname, comp_id) values (22, '33013980910', 'Mildred', 'King', 62);
insert into Suppliers (sup_id, phone, sup_fname, sup_lname, comp_id) values (40, '5791465904', 'Gloria', 'Shaw', 64);
insert into Suppliers (sup_id, phone, sup_fname, sup_lname, comp_id) values (34, '3691817203', 'Shawn', 'Pierce', 72);
insert into Suppliers (sup_id, phone, sup_fname, sup_lname, comp_id) values (73, '3863616111', 'Jean', 'Reyes', 75);
insert into Suppliers (sup_id, phone, sup_fname, sup_lname, comp_id) values (100, '1394085818', 'Matthew', 'Rogers', 76);
insert into Suppliers (sup_id, phone, sup_fname, sup_lname, comp_id) values (01, '3784500366', 'Ruth', 'Chavez', 83);

	

insert into SupplierProducts (sup_id, prod_id) values (1, 2);
insert into SupplierProducts (sup_id, prod_id) values (14, 6);
insert into SupplierProducts (sup_id, prod_id) values (16, 7);
insert into SupplierProducts (sup_id, prod_id) values (17, 8);
insert into SupplierProducts (sup_id, prod_id) values (19, 23);
insert into SupplierProducts (sup_id, prod_id) values (22, 78);
insert into SupplierProducts (sup_id, prod_id) values (34, 158);
insert into SupplierProducts (sup_id, prod_id) values (38, 272);
insert into SupplierProducts (sup_id, prod_id) values (39, 1034);
insert into SupplierProducts (sup_id, prod_id) values (40, 1134);
insert into SupplierProducts (sup_id, prod_id) values (42, 2682);
insert into SupplierProducts (sup_id, prod_id) values (45, 5060);
insert into SupplierProducts (sup_id, prod_id) values (46, 9350);
insert into SupplierProducts (sup_id, prod_id) values (48, 9810);
insert into SupplierProducts (sup_id, prod_id) values (72, 16988);
insert into SupplierProducts (sup_id, prod_id) values (73, 21287);
insert into SupplierProducts (sup_id, prod_id) values (88, 37408);
insert into SupplierProducts (sup_id, prod_id) values (93, 37863);
insert into SupplierProducts (sup_id, prod_id) values (95, 73357);
insert into SupplierProducts (sup_id, prod_id) values (100, 73468);



insert into AdditionalDiscount (prod_id, cust_id, adl_discount) values (2, 1, 44.78);
insert into AdditionalDiscount (prod_id, cust_id, adl_discount) values (6, 2, 43.11);
insert into AdditionalDiscount (prod_id, cust_id, adl_discount) values (7, 3, 41.73);
insert into AdditionalDiscount (prod_id, cust_id, adl_discount) values (8, 4, 33.58);
insert into AdditionalDiscount (prod_id, cust_id, adl_discount) values (23, 5, 35.11);
insert into AdditionalDiscount (prod_id, cust_id, adl_discount) values (78, 6, 47.98);
insert into AdditionalDiscount (prod_id, cust_id, adl_discount) values (158, 7, 32.81);
insert into AdditionalDiscount (prod_id, cust_id, adl_discount) values (272, 8, 43.54);
insert into AdditionalDiscount (prod_id, cust_id, adl_discount) values (1034, 9, 47.89);
insert into AdditionalDiscount (prod_id, cust_id, adl_discount) values (1134, 10, 45.52);
insert into AdditionalDiscount (prod_id, cust_id, adl_discount) values (2682, 11, 38.25);
insert into AdditionalDiscount (prod_id, cust_id, adl_discount) values (5060, 12, 30.6);
insert into AdditionalDiscount (prod_id, cust_id, adl_discount) values (9350, 13, 45.9);
insert into AdditionalDiscount (prod_id, cust_id, adl_discount) values (9810, 14, 34.15);
insert into AdditionalDiscount (prod_id, cust_id, adl_discount) values (16988, 15, 34.33);
insert into AdditionalDiscount (prod_id, cust_id, adl_discount) values (21287, 16, 37.12);
insert into AdditionalDiscount (prod_id, cust_id, adl_discount) values (37408, 17, 48.34);
insert into AdditionalDiscount (prod_id, cust_id, adl_discount) values (37863, 18, 33.69);
insert into AdditionalDiscount (prod_id, cust_id, adl_discount) values (73357, 19, 33.58);
insert into AdditionalDiscount (prod_id, cust_id, adl_discount) values (73468, 20, 44.12);

	
insert into Employee (emp_id, emp_fname, emp_lname, emp_phone, salary, join_date, designation) values (87, 'Ronald', 'Smith', '46026480710', 89665, '2014-02-25', 'Manager');
insert into Employee (emp_id, emp_fname, emp_lname, emp_phone, salary, join_date, designation) values (77, 'Steven', 'Elliott', '79253943410', 115449, '2012-11-12', 'Clerk');
insert into Employee (emp_id, emp_fname, emp_lname, emp_phone, salary, join_date, designation) values (65, 'Martin', 'Wood', '2675530042', 67865, '2006-07-06', 'Receptionist');
insert into Employee (emp_id, emp_fname, emp_lname, emp_phone, salary, join_date, designation) values (90, 'Donald', 'Turner', '3533326500', 139886, '2007-03-08', 'Security');
insert into Employee (emp_id, emp_fname, emp_lname, emp_phone, salary, join_date, designation) values (70, 'Melissa', 'Harris', '3801583872', 38588, '2010-06-07', 'Admin');
insert into Employee (emp_id, emp_fname, emp_lname, emp_phone, salary, join_date, designation) values (39, 'Terry', 'Rose', '7623952293', 54280, '2003-02-27', 'Manager');
insert into Employee (emp_id, emp_fname, emp_lname, emp_phone, salary, join_date, designation) values (74, 'Roger', 'Fisher', '8084042181', 26502, '2008-11-05', 'Clerk');
insert into Employee (emp_id, emp_fname, emp_lname, emp_phone, salary, join_date, designation) values (4, 'Ruth', 'Wallace', '89378118810', 170247, '2010-08-30', 'Receptionist');
insert into Employee (emp_id, emp_fname, emp_lname, emp_phone, salary, join_date, designation) values (76, 'Melissa', 'Wagner', '6908619761', 174408, '2010-06-19', 'HR');
insert into Employee (emp_id, emp_fname, emp_lname, emp_phone, salary, join_date, designation) values (17, 'Russell', 'Hansen', '7088381931', 17783, '2003-03-15', 'Admin');
insert into Employee (emp_id, emp_fname, emp_lname, emp_phone, salary, join_date, designation) values (37, 'Roy', 'Hansen', '4875172400', 108215, '2015-05-02', 'Manager');
insert into Employee (emp_id, emp_fname, emp_lname, emp_phone, salary, join_date, designation) values (8, 'Robin', 'Lewis', '6554337490', 119130, '2012-11-19', 'Clerk');
insert into Employee (emp_id, emp_fname, emp_lname, emp_phone, salary, join_date, designation) values (80, 'Paula', 'Sanchez', '4903786471', 190312, '2003-12-25', 'Receptionist');
insert into Employee (emp_id, emp_fname, emp_lname, emp_phone, salary, join_date, designation) values (57, 'John', 'Franklin', '9063619820', 94949, '2000-04-20', 'Security');
insert into Employee (emp_id, emp_fname, emp_lname, emp_phone, salary, join_date, designation) values (1, 'Emily', 'Nguyen', '30953793410', 30027, '2002-07-01', 'Admin');
insert into Employee (emp_id, emp_fname, emp_lname, emp_phone, salary, join_date, designation) values (96, 'Betty', 'Morrison', '0173956181', 132096, '2007-02-01', 'Manager');
insert into Employee (emp_id, emp_fname, emp_lname, emp_phone, salary, join_date, designation) values (6, 'Russell', 'James', '3668970645', 133350, '2004-06-16', 'Clerk');
insert into Employee (emp_id, emp_fname, emp_lname, emp_phone, salary, join_date, designation) values (10, 'Sara', 'Reynolds', '6788227543', 106604, '2011-09-30', 'Receptionist');
insert into Employee (emp_id, emp_fname, emp_lname, emp_phone, salary, join_date, designation) values (18, 'Philip', 'Carpenter', '9199662787', 25662, '2015-04-30', 'HR');
insert into Employee (emp_id, emp_fname, emp_lname, emp_phone, salary, join_date, designation) values (68, 'Kathy', 'Fuller', '8382934838', 170328, '2014-01-07', 'Admin');

	

insert into EmployeeAddresses (emp_id, pincode, area, street) values (1, 176924, 'Alphazap', 'Center');
insert into EmployeeAddresses (emp_id, pincode, area, street) values (4, 347621, 'Subin', 'Drive');
insert into EmployeeAddresses (emp_id, pincode, area, street) values (6, 138132, 'Stringtough', 'Pass');
insert into EmployeeAddresses (emp_id, pincode, area, street) values (8, 214971, 'Zamit', 'Street');
insert into EmployeeAddresses (emp_id, pincode, area, street) values (10, 481954, 'Home Ing', 'Trail');
insert into EmployeeAddresses (emp_id, pincode, area, street) values (17, 151607, 'Stronghold', 'Road');
insert into EmployeeAddresses (emp_id, pincode, area, street) values (18, 373031, 'Tres-Zap', 'Alley');
insert into EmployeeAddresses (emp_id, pincode, area, street) values (37, 299961, 'Overhold', 'Point');
insert into EmployeeAddresses (emp_id, pincode, area, street) values (39, 326294, 'Stim', 'Crossing');
insert into EmployeeAddresses (emp_id, pincode, area, street) values (57, 102473, 'Flexidy', 'Alley');
insert into EmployeeAddresses (emp_id, pincode, area, street) values (65, 476317, 'Flexidy', 'Center');
insert into EmployeeAddresses (emp_id, pincode, area, street) values (68, 323056, 'It', 'Street');
insert into EmployeeAddresses (emp_id, pincode, area, street) values (70, 315559, 'Alpha', 'Road');
insert into EmployeeAddresses (emp_id, pincode, area, street) values (74, 367149, 'Domainer', 'Pass');
insert into EmployeeAddresses (emp_id, pincode, area, street) values (76, 282022, 'Hatity', 'Hill');
insert into EmployeeAddresses (emp_id, pincode, area, street) values (77, 350360, 'Tempsoft', 'Road');
insert into EmployeeAddresses (emp_id, pincode, area, street) values (80, 77244, 'Tres-Zap', 'Alley');
insert into EmployeeAddresses (emp_id, pincode, area, street) values (87, 295169, 'Konklab', 'Junction');
insert into EmployeeAddresses (emp_id, pincode, area, street) values (90, 497685, 'Span', 'Place');
insert into EmployeeAddresses (emp_id, pincode, area, street) values (96, 162413, 'Voolithsillam', 'Alley');

	


insert into Dependants (emp_id, dep_fname, dep_lname, dep_phone, relationship) values (1, 'Todd', 'Rice', '0659369982', 'son');
insert into Dependants (emp_id, dep_fname, dep_lname, dep_phone, relationship) values (4, 'Christine', 'Gibson', '6711661478', 'daughter');
insert into Dependants (emp_id, dep_fname, dep_lname, dep_phone, relationship) values (6, 'Ryan', 'Jones', '5867401049', 'father');
insert into Dependants (emp_id, dep_fname, dep_lname, dep_phone, relationship) values (8, 'Albert', 'Nelson', '1848394608', 'mother');
insert into Dependants (emp_id, dep_fname, dep_lname, dep_phone, relationship) values (10, 'Harry', 'Welch', '5944046279', 'brother');
insert into Dependants (emp_id, dep_fname, dep_lname, dep_phone, relationship) values (17, 'Victor', 'Cox', '37554491710', 'son');
insert into Dependants (emp_id, dep_fname, dep_lname, dep_phone, relationship) values (18, 'Christopher', 'Henry', '9679744175', 'daughter');
insert into Dependants (emp_id, dep_fname, dep_lname, dep_phone, relationship) values (37, 'Gloria', 'Cook', '5648683642', 'father');
insert into Dependants (emp_id, dep_fname, dep_lname, dep_phone, relationship) values (39, 'Frances', 'Elliott', '4517225186', 'mother');
insert into Dependants (emp_id, dep_fname, dep_lname, dep_phone, relationship) values (57, 'Carl', 'Wheeler', '0924504129', 'brother');
insert into Dependants (emp_id, dep_fname, dep_lname, dep_phone, relationship) values (65, 'Jimmy', 'Long', '2050708009', 'son');
insert into Dependants (emp_id, dep_fname, dep_lname, dep_phone, relationship) values (68, 'Stephen', 'Dunn', '0343496550', 'daughter');
insert into Dependants (emp_id, dep_fname, dep_lname, dep_phone, relationship) values (70, 'Nicole', 'Dixon', '5124350962', 'father');
insert into Dependants (emp_id, dep_fname, dep_lname, dep_phone, relationship) values (74, 'Mark', 'Campbell', '8824861385', 'mother');
insert into Dependants (emp_id, dep_fname, dep_lname, dep_phone, relationship) values (76, 'Louis', 'Diaz', '26837986110', 'brother');
insert into Dependants (emp_id, dep_fname, dep_lname, dep_phone, relationship) values (77, 'Carlos', 'Harvey', '11407892110', 'son');
insert into Dependants (emp_id, dep_fname, dep_lname, dep_phone, relationship) values (80, 'Melissa', 'Matthews', '4707430090', 'daughter');
insert into Dependants (emp_id, dep_fname, dep_lname, dep_phone, relationship) values (87, 'Roy', 'Griffin', '4253576842', 'father');
insert into Dependants (emp_id, dep_fname, dep_lname, dep_phone, relationship) values (90, 'Eugene', 'Alexander', '6407958148', 'mother');
insert into Dependants (emp_id, dep_fname, dep_lname, dep_phone, relationship) values (96, 'Gerald', 'Sanchez', '8601259308', 'brother');

	
insert into Attendance (emp_id, month, days_absent, dates_absent) values (1, 'December', 26, '2016-07-04');
insert into Attendance (emp_id, month, days_absent, dates_absent) values (4, 'February', 1, '2017-01-14');
insert into Attendance (emp_id, month, days_absent, dates_absent) values (6, 'February', 14, '2016-05-31');
insert into Attendance (emp_id, month, days_absent, dates_absent) values (8, 'October', 3, '2016-12-01');
insert into Attendance (emp_id, month, days_absent, dates_absent) values (10, 'July', 8, '2016-11-06');
insert into Attendance (emp_id, month, days_absent, dates_absent) values (17, 'December', 3, '2016-07-13');
insert into Attendance (emp_id, month, days_absent, dates_absent) values (18, 'October', 23, '2016-09-19');
insert into Attendance (emp_id, month, days_absent, dates_absent) values (37, 'January', 27, '2016-08-29');
insert into Attendance (emp_id, month, days_absent, dates_absent) values (39, 'September', 25, '2016-04-14');
insert into Attendance (emp_id, month, days_absent, dates_absent) values (57, 'June', 12, '2017-01-12');
insert into Attendance (emp_id, month, days_absent, dates_absent) values (65, 'July', 11, '2016-11-18');
insert into Attendance (emp_id, month, days_absent, dates_absent) values (68, 'March', 21, '2016-08-17');
insert into Attendance (emp_id, month, days_absent, dates_absent) values (70, 'April', 11, '2016-10-11');
insert into Attendance (emp_id, month, days_absent, dates_absent) values (74, 'May', 21, '2016-09-13');
insert into Attendance (emp_id, month, days_absent, dates_absent) values (76, 'July', 10, '2016-04-22');
insert into Attendance (emp_id, month, days_absent, dates_absent) values (77, 'June', 11, '2016-09-05');
insert into Attendance (emp_id, month, days_absent, dates_absent) values (80, 'February', 12, '2016-09-13');
insert into Attendance (emp_id, month, days_absent, dates_absent) values (87, 'February', 8, '2016-06-03');
insert into Attendance (emp_id, month, days_absent, dates_absent) values (90, 'October', 1, '2017-02-15');
insert into Attendance (emp_id, month, days_absent, dates_absent) values (96, 'October', 5, '2016-09-18');
	
insert into Bill (bill_id, cust_id, bill_date, amt_paid, amt_due) values (78, 1, '2016-11-17', 83985.77, 3578.45);
insert into Bill (bill_id, cust_id, bill_date, amt_paid, amt_due) values (9, 2, '2016-04-29', 39614.76, 5656.65);
insert into Bill (bill_id, cust_id, bill_date, amt_paid, amt_due) values (94, 3, '2017-01-01', 47292.6, 7788.47);
insert into Bill (bill_id, cust_id, bill_date, amt_paid, amt_due) values (15, 4, '2016-09-15', 52493.84, 1797.07);
insert into Bill (bill_id, cust_id, bill_date, amt_paid, amt_due) values (36, 5, '2016-07-02', 15097.82, 2087.26);
insert into Bill (bill_id, cust_id, bill_date, amt_paid, amt_due) values (34, 6, '2017-01-22', 93236.97, 3250.44);
insert into Bill (bill_id, cust_id, bill_date, amt_paid, amt_due) values (8, 7, '2016-05-16', 95839.42, 1132.23);
insert into Bill (bill_id, cust_id, bill_date, amt_paid, amt_due) values (14, 8, '2016-05-08', 66027.47, 3932.71);
insert into Bill (bill_id, cust_id, bill_date, amt_paid, amt_due) values (80, 9, '2016-04-18', 46671.15, 5923.75);
insert into Bill (bill_id, cust_id, bill_date, amt_paid, amt_due) values (58, 10, '2016-09-06', 50245.5, 4821.31);
insert into Bill (bill_id, cust_id, bill_date, amt_paid, amt_due) values (81, 11, '2016-07-06', 56222.88, 5302.45);
insert into Bill (bill_id, cust_id, bill_date, amt_paid, amt_due) values (79, 12, '2016-06-03', 72279.38, 2299.22);
insert into Bill (bill_id, cust_id, bill_date, amt_paid, amt_due) values (24, 13, '2016-10-08', 52248.1, 8948.81);
insert into Bill (bill_id, cust_id, bill_date, amt_paid, amt_due) values (50, 14, '2016-09-30', 29075.41, 6076.49);
insert into Bill (bill_id, cust_id, bill_date, amt_paid, amt_due) values (86, 15, '2016-07-27', 65136.52, 5130.04);
insert into Bill (bill_id, cust_id, bill_date, amt_paid, amt_due) values (77, 16, '2016-11-09', 66128.82, 9711.83);
insert into Bill (bill_id, cust_id, bill_date, amt_paid, amt_due) values (46, 17, '2016-06-25', 62112.76, 8600.98);
insert into Bill (bill_id, cust_id, bill_date, amt_paid, amt_due) values (63, 18, '2016-04-16', 20112.13, 9501.14);
insert into Bill (bill_id, cust_id, bill_date, amt_paid, amt_due) values (84, 19, '2016-12-10', 67819.35, 8349.06);
insert into Bill (bill_id, cust_id, bill_date, amt_paid, amt_due) values (4, 20, '2016-06-30', 77293.95, 4402.47);
 
 insert into BillDetails (bill_id, prod_id, units_sold, selling_price) values (4, 2, 21, 70.86);
insert into BillDetails (bill_id, prod_id, units_sold, selling_price) values (8, 6, 57, 95.94);
insert into BillDetails (bill_id, prod_id, units_sold, selling_price) values (9, 7, 61, 238.31);
insert into BillDetails (bill_id, prod_id, units_sold, selling_price) values (14, 8, 9, 100.75);
insert into BillDetails (bill_id, prod_id, units_sold, selling_price) values (15, 23, 39, 87.45);
insert into BillDetails (bill_id, prod_id, units_sold, selling_price) values (24, 78, 29, 187.93);
insert into BillDetails (bill_id, prod_id, units_sold, selling_price) values (34, 158, 45, 247.29);
insert into BillDetails (bill_id, prod_id, units_sold, selling_price) values (36, 272, 5, 219.27);
insert into BillDetails (bill_id, prod_id, units_sold, selling_price) values (46, 1034, 44, 82.74);
insert into BillDetails (bill_id, prod_id, units_sold, selling_price) values (50, 1134, 77, 58.44);
insert into BillDetails (bill_id, prod_id, units_sold, selling_price) values (58, 2682, 80, 246.83);
insert into BillDetails (bill_id, prod_id, units_sold, selling_price) values (63, 5060, 69, 65.18);
insert into BillDetails (bill_id, prod_id, units_sold, selling_price) values (77, 9350, 36, 76.28);
insert into BillDetails (bill_id, prod_id, units_sold, selling_price) values (78, 9810, 11, 50.14);
insert into BillDetails (bill_id, prod_id, units_sold, selling_price) values (79, 16988, 23, 52.77);
insert into BillDetails (bill_id, prod_id, units_sold, selling_price) values (80, 21287, 64, 82.4);
insert into BillDetails (bill_id, prod_id, units_sold, selling_price) values (81, 37408, 53, 216.03);
insert into BillDetails (bill_id, prod_id, units_sold, selling_price) values (84, 37863, 64, 126.07);
insert into BillDetails (bill_id, prod_id, units_sold, selling_price) values (86, 73357, 25, 219.17);
insert into BillDetails (bill_id, prod_id, units_sold, selling_price) values (94, 73468, 19, 194.03);


insert into Ledger (ledger_id, cust_id, ledger_month, credit, debit) values (27, 1, '2012-09-02', 88946.32, 4256.3);
insert into Ledger (ledger_id, cust_id, ledger_month, credit, debit) values (1, 2, '2014-03-12', 77193.54, 51479.83);
insert into Ledger (ledger_id, cust_id, ledger_month, credit, debit) values (34, 3, '2014-12-03', 89127.95, 88118.15);
insert into Ledger (ledger_id, cust_id, ledger_month, credit, debit) values (30, 4, '2015-06-12', 85401.15, 87732.0);
insert into Ledger (ledger_id, cust_id, ledger_month, credit, debit) values (41, 5, '2014-07-27', 85904.37, 29960.31);
insert into Ledger (ledger_id, cust_id, ledger_month, credit, debit) values (69, 6, '2015-03-10', 13636.05, 74404.58);
insert into Ledger (ledger_id, cust_id, ledger_month, credit, debit) values (43, 7, '2012-10-06', 34618.47, 12193.55);
insert into Ledger (ledger_id, cust_id, ledger_month, credit, debit) values (5, 8, '2016-01-01', 91387.05, 4090.02);
insert into Ledger (ledger_id, cust_id, ledger_month, credit, debit) values (17, 9, '2015-05-28', 78630.22, 1397.35);
insert into Ledger (ledger_id, cust_id, ledger_month, credit, debit) values (09, 10, '2015-05-16', 16109.11, 57121.15);
insert into Ledger (ledger_id, cust_id, ledger_month, credit, debit) values (76, 11, '2014-11-22', 74978.37, 93221.47);
insert into Ledger (ledger_id, cust_id, ledger_month, credit, debit) values (42, 12, '2015-09-10', 75395.55, 97361.21);
insert into Ledger (ledger_id, cust_id, ledger_month, credit, debit) values (49, 13, '2016-08-18', 72767.43, 71604.51);
insert into Ledger (ledger_id, cust_id, ledger_month, credit, debit) values (72, 14, '2014-03-28', 26159.42, 19152.63);
insert into Ledger (ledger_id, cust_id, ledger_month, credit, debit) values (31, 15, '2012-07-22', 51939.29, 97211.43);
insert into Ledger (ledger_id, cust_id, ledger_month, credit, debit) values (60, 16, '2012-12-24', 55972.3, 77662.18);
insert into Ledger (ledger_id, cust_id, ledger_month, credit, debit) values (3, 17, '2014-06-30', 91119.6, 3663.71);
insert into Ledger (ledger_id, cust_id, ledger_month, credit, debit) values (88, 18, '2013-05-06', 81124.62, 13031.58);
insert into Ledger (ledger_id, cust_id, ledger_month, credit, debit) values (65, 19, '2013-06-21', 80787.24, 50866.46);
insert into Ledger (ledger_id, cust_id, ledger_month, credit, debit) values (24, 20, '2012-07-04', 18050.06, 78331.39);

	

insert into LedgerEntries (ledger_id, bill_id) values (1, 4);
insert into LedgerEntries (ledger_id, bill_id) values (3, 8);
insert into LedgerEntries (ledger_id, bill_id) values (5, 9);
insert into LedgerEntries (ledger_id, bill_id) values (9, 14);
insert into LedgerEntries (ledger_id, bill_id) values (17, 15);
insert into LedgerEntries (ledger_id, bill_id) values (24, 24);
insert into LedgerEntries (ledger_id, bill_id) values (27, 34);
insert into LedgerEntries (ledger_id, bill_id) values (30, 36);
insert into LedgerEntries (ledger_id, bill_id) values (31, 46);
insert into LedgerEntries (ledger_id, bill_id) values (34, 50);
insert into LedgerEntries (ledger_id, bill_id) values (41, 58);
insert into LedgerEntries (ledger_id, bill_id) values (42, 63);
insert into LedgerEntries (ledger_id, bill_id) values (43, 77);
insert into LedgerEntries (ledger_id, bill_id) values (49, 78);
insert into LedgerEntries (ledger_id, bill_id) values (60, 79);
insert into LedgerEntries (ledger_id, bill_id) values (65, 80);
insert into LedgerEntries (ledger_id, bill_id) values (69, 81);
insert into LedgerEntries (ledger_id, bill_id) values (72, 84);
insert into LedgerEntries (ledger_id, bill_id) values (76, 86);
insert into LedgerEntries (ledger_id, bill_id) values (88, 94);

*/